{
  "project_info": {
    "project_number": "81019744708",
    "project_id": "pablo-shawarma-xrpucz",
    "storage_bucket": "pablo-shawarma-xrpucz.appspot.com"
  },
  "client": [
    {
      "client_info": {
        "mobilesdk_app_id": "1:81019744708:android:986ac0c96d6aa8c9ac7491",
        "android_client_info": {
          "package_name": "com.mycompany.pabloshawarma"
        }
      },
      "oauth_client": [
        {
          "client_id": "81019744708-4n5pphojgh8ceea42lrd9sgsnis916t7.apps.googleusercontent.com",
          "client_type": 3
        }
      ],
      "api_key": [
        {
          "current_key": "AIzaSyBtsD4p7icIlKNIGCbYa8GKYiqn7D1AudA"
        }
      ],
      "services": {
        "appinvite_service": {
          "other_platform_oauth_client": [
            {
              "client_id": "81019744708-4n5pphojgh8ceea42lrd9sgsnis916t7.apps.googleusercontent.com",
              "client_type": 3
            },
            {
              "client_id": "81019744708-0o5tqgj07fr7vahqakmrldl0v8cvgapl.apps.googleusercontent.com",
              "client_type": 2,
              "ios_info": {
                "bundle_id": "com.mycompany.pabloshawarma"
              }
            }
          ]
        }
      }
    }
  ],
  "configuration_version": "1"
}